{
  "construct_validity": {
    "Mistral": {
      "correlation_matrix": {
        "L4.1": {
          "L4.1": 1.0,
          "L4.2": 0.027297862723058078,
          "L4.3": NaN,
          "L4.4": 0.18606634093623772,
          "L4.5": 0.09449111825230681,
          "L4.6": 0.057863756235784464,
          "L4.7": 0.1997221330281573
        },
        "L4.2": {
          "L4.1": 0.027297862723058078,
          "L4.2": 1.0,
          "L4.3": NaN,
          "L4.4": 0.20462085091942314,
          "L4.5": 0.5103103630798288,
          "L4.6": 0.3402777777777778,
          "L4.7": 0.2524571513143309
        },
        "L4.3": {
          "L4.1": NaN,
          "L4.2": NaN,
          "L4.3": 1.0,
          "L4.4": 0.784438854044295,
          "L4.5": 0.7538191051195527,
          "L4.6": 0.6875,
          "L4.7": NaN
        },
        "L4.4": {
          "L4.1": 0.18606634093623772,
          "L4.2": 0.20462085091942314,
          "L4.3": 0.784438854044295,
          "L4.4": 1.0,
          "L4.5": 0.37098039215686274,
          "L4.6": 0.24014605321403706,
          "L4.7": 0.39509867947484634
        },
        "L4.5": {
          "L4.1": 0.09449111825230681,
          "L4.2": 0.5103103630798288,
          "L4.3": 0.7538191051195527,
          "L4.4": 0.37098039215686274,
          "L4.5": 1.0,
          "L4.6": 0.4250051820705553,
          "L4.7": 0.8528028654224417
        },
        "L4.6": {
          "L4.1": 0.057863756235784464,
          "L4.2": 0.3402777777777778,
          "L4.3": 0.6875,
          "L4.4": 0.24014605321403706,
          "L4.5": 0.4250051820705553,
          "L4.6": 1.0,
          "L4.7": 0.8660254037844386
        },
        "L4.7": {
          "L4.1": 0.1997221330281573,
          "L4.2": 0.2524571513143309,
          "L4.3": NaN,
          "L4.4": 0.39509867947484634,
          "L4.5": 0.8528028654224417,
          "L4.6": 0.8660254037844386,
          "L4.7": 1.0
        }
      },
      "p_value_matrix": {
        "L4.1": {
          "L4.1": 0.0,
          "L4.2": 0.5052382543194928,
          "L4.3": NaN,
          "L4.4": 0.0006198398711988338,
          "L4.5": 0.484455742754902,
          "L4.6": 0.6689847309694296,
          "L4.7": 0.0004032067468029839
        },
        "L4.2": {
          "L4.1": 0.5052382543194928,
          "L4.2": 0.0,
          "L4.3": NaN,
          "L4.4": 0.00016249346395466033,
          "L4.5": 5.007147786534046e-05,
          "L4.6": 0.009599979513184927,
          "L4.7": 6.791714484422964e-06
        },
        "L4.3": {
          "L4.1": NaN,
          "L4.2": NaN,
          "L4.3": 0.0,
          "L4.4": 8.056184885388934e-26,
          "L4.5": 0.0003026086703958642,
          "L4.6": 0.0016167521117962794,
          "L4.7": NaN
        },
        "L4.4": {
          "L4.1": 0.0006198398711988338,
          "L4.2": 0.00016249346395466033,
          "L4.3": 8.056184885388934e-26,
          "L4.4": 0.0,
          "L4.5": 0.0009699481097364627,
          "L4.6": 0.036659960694442786,
          "L4.7": 9.713669350156843e-08
        },
        "L4.5": {
          "L4.1": 0.484455742754902,
          "L4.2": 5.007147786534046e-05,
          "L4.3": 0.0003026086703958642,
          "L4.4": 0.0009699481097364627,
          "L4.5": 0.0,
          "L4.6": 9.347098077910458e-09,
          "L4.7": 5.3418051211424264e-05
        },
        "L4.6": {
          "L4.1": 0.6689847309694296,
          "L4.2": 0.009599979513184927,
          "L4.3": 0.0016167521117962794,
          "L4.4": 0.036659960694442786,
          "L4.5": 9.347098077910458e-09,
          "L4.6": 0.0,
          "L4.7": 2.995564652268531e-05
        },
        "L4.7": {
          "L4.1": 0.0004032067468029839,
          "L4.2": 6.791714484422964e-06,
          "L4.3": NaN,
          "L4.4": 9.713669350156843e-08,
          "L4.5": 5.3418051211424264e-05,
          "L4.6": 2.995564652268531e-05,
          "L4.7": 0.0
        }
      },
      "n_matrix": {
        "L4.1": {
          "L4.1": 598.0,
          "L4.2": 598.0,
          "L4.3": 72.0,
          "L4.4": 335.0,
          "L4.5": 57.0,
          "L4.6": 57.0,
          "L4.7": 310.0
        },
        "L4.2": {
          "L4.1": 598.0,
          "L4.2": 598.0,
          "L4.3": 72.0,
          "L4.4": 335.0,
          "L4.5": 57.0,
          "L4.6": 57.0,
          "L4.7": 310.0
        },
        "L4.3": {
          "L4.1": 72.0,
          "L4.2": 72.0,
          "L4.3": 193.0,
          "L4.4": 118.0,
          "L4.5": 18.0,
          "L4.6": 18.0,
          "L4.7": 37.0
        },
        "L4.4": {
          "L4.1": 335.0,
          "L4.2": 335.0,
          "L4.3": 118.0,
          "L4.4": 511.0,
          "L4.5": 76.0,
          "L4.6": 76.0,
          "L4.7": 170.0
        },
        "L4.5": {
          "L4.1": 57.0,
          "L4.2": 57.0,
          "L4.3": 18.0,
          "L4.4": 76.0,
          "L4.5": 168.0,
          "L4.6": 168.0,
          "L4.7": 15.0
        },
        "L4.6": {
          "L4.1": 57.0,
          "L4.2": 57.0,
          "L4.3": 18.0,
          "L4.4": 76.0,
          "L4.5": 168.0,
          "L4.6": 168.0,
          "L4.7": 15.0
        },
        "L4.7": {
          "L4.1": 310.0,
          "L4.2": 310.0,
          "L4.3": 37.0,
          "L4.4": 170.0,
          "L4.5": 15.0,
          "L4.6": 15.0,
          "L4.7": 310.0
        }
      },
      "n_prompts": 880
    },
    "Llama-2": {
      "correlation_matrix": {
        "L4.1": {
          "L4.1": 1.0,
          "L4.2": 0.5534783624041947,
          "L4.3": -0.020060271357125986,
          "L4.4": 0.2737193318596952,
          "L4.5": 0.15675516189601002,
          "L4.6": 0.11368041158567721,
          "L4.7": 0.4732623588408211
        },
        "L4.2": {
          "L4.1": 0.5534783624041947,
          "L4.2": 1.0,
          "L4.3": 0.028571428571428574,
          "L4.4": 0.24615118408670172,
          "L4.5": 0.2341942330107857,
          "L4.6": 0.5750861417649515,
          "L4.7": 0.38264539699990496
        },
        "L4.3": {
          "L4.1": -0.020060271357125986,
          "L4.2": 0.028571428571428574,
          "L4.3": 1.0,
          "L4.4": 0.662924099535656,
          "L4.5": NaN,
          "L4.6": NaN,
          "L4.7": NaN
        },
        "L4.4": {
          "L4.1": 0.2737193318596952,
          "L4.2": 0.24615118408670172,
          "L4.3": 0.662924099535656,
          "L4.4": 1.0,
          "L4.5": 0.4575319038471249,
          "L4.6": 0.4852592809046342,
          "L4.7": 0.5309758669122688
        },
        "L4.5": {
          "L4.1": 0.15675516189601002,
          "L4.2": 0.2341942330107857,
          "L4.3": NaN,
          "L4.4": 0.4575319038471249,
          "L4.5": 1.0,
          "L4.6": 0.46468901140945695,
          "L4.7": 0.4909902530309828
        },
        "L4.6": {
          "L4.1": 0.11368041158567721,
          "L4.2": 0.5750861417649515,
          "L4.3": NaN,
          "L4.4": 0.4852592809046342,
          "L4.5": 0.46468901140945695,
          "L4.6": 1.0,
          "L4.7": 0.7470178808339961
        },
        "L4.7": {
          "L4.1": 0.4732623588408211,
          "L4.2": 0.38264539699990496,
          "L4.3": NaN,
          "L4.4": 0.5309758669122688,
          "L4.5": 0.4909902530309828,
          "L4.6": 0.7470178808339961,
          "L4.7": 1.0
        }
      },
      "p_value_matrix": {
        "L4.1": {
          "L4.1": 0.0,
          "L4.2": 2.70037848520909e-49,
          "L4.3": 0.867169571857689,
          "L4.4": 3.60584672918017e-07,
          "L4.5": 0.2442328568873328,
          "L4.6": 0.39979464987067803,
          "L4.7": 1.042675116275062e-18
        },
        "L4.2": {
          "L4.1": 2.70037848520909e-49,
          "L4.2": 0.0,
          "L4.3": 0.8116932254523861,
          "L4.4": 5.144656333376292e-06,
          "L4.5": 0.07952809483196537,
          "L4.6": 2.883460744177067e-06,
          "L4.7": 3.0095807801174666e-12
        },
        "L4.3": {
          "L4.1": 0.867169571857689,